guide_id	bulge_type	crrna	dna	chrom	start	strand	mismatches	bulge_size
3	X	ACAGGAGTGAGCCACCAGCCNGG	ACAGGtGTGAGCCACCgGgCCGG	chr22	10754302	-	3	0
3	X	ACAGGAGTGAGCCACCAGCCNGG	tCAGGAGTtgGaCACCAGCCTGG	chr22	11945881	-	4	0
3	X	ACAGGAGTGAGCCACCAGCCNGG	ACAGGtGTaAGCCACCAtgCTGG	chr22	13282681	+	4	0
3	X	ACAGGAGTGAGCCACCAGCCNGG	ACAGGcGTGAcCCACCgGCtCGG	chr22	15255413	+	4	0
3	X	ACAGGAGTGAGCCACCAGCCNGG	tCAGGAGTtgGaCACCAGCCTGG	chr22	15260708	-	4	0
3	X	ACAGGAGTGAGCCACCAGCCNGG	tCAGGAGTtcGCCACCAGCCTGG	chr22	15311606	+	3	0
3	X	ACAGGAGTGAGCCACCAGCCNGG	ACAGGcGTGAGCCACCAcaCAGG	chr22	15582517	+	3	0
3	X	ACAGGAGTGAGCCACCAGCCNGG	ACAGGcaTGAGCCACCAcaCTGG	chr22	15606144	+	4	0
3	X	ACAGGAGTGAGCCACCAGCCNGG	ACAGGtGTGAGCCACCAcgCTGG	chr22	15645529	+	3	0
3	X	ACAGGAGTGAGCCACCAGCCNGG	tCAGGAGTtgGaCACCAGCCTGG	chr22	16128636	-	4	0
3	X	ACAGGAGTGAGCCACCAGCCNGG	tCAGGAGTttGCgACCAGCCTGG	chr22	16175796	+	4	0
3	X	ACAGGAGTGAGCCACCAGCCNGG	gCAGGcGTGgGCCACCAGCtTGG	chr22	16591986	+	4	0
3	X	ACAGGAGTGAGCCACCAGCCNGG	tCAGGAGTGgGagACCAGCCTGG	chr22	16608137	+	4	0
3	X	ACAGGAGTGAGCCACCAGCCNGG	ACAGGtGTGAcCCACCttCCTGG	chr22	16772754	+	4	0
3	X	ACAGGAGTGAGCCACCAGCCNGG	tCAGGAGTtAGagACCAGCCTGG	chr22	16793218	-	4	0
0	X	CACTTGAGCCTCCAAGTAGCNGG	tACcTcAGCCTCCAAGTAGCTGG	chr22	16880965	-	3	0
3	X	ACAGGAGTGAGCCACCAGCCNGG	cCAGGAGTttGaCACCAGCCTGG	chr22	17050186	+	4	0
3	X	ACAGGAGTGAGCCACCAGCCNGG	tCAGGAGTtcGCaACCAGCCTGG	chr22	17053332	+	4	0
3	X	ACAGGAGTGAGCCACCAGCCNGG	tCAGGAGTtAGagACCAGCCTGG	chr22	17072146	-	4	0
0	X	CACTTGAGCCTCCAAGTAGCNGG	CACcTcAGCCTCCAAGTAGCTGG	chr22	17165594	+	2	0
0	X	CACTTGAGCCTCCAAGTAGCNGG	CACcTcAGCCTCtAAGTAGgTGG	chr22	17187400	+	4	0
3	X	ACAGGAGTGAGCCACCAGCCNGG	ACAGGAGTGAGCCACtgcCCTGG	chr22	17188982	+	3	0
3	X	ACAGGAGTGAGCCACCAGCCNGG	ACAGGcGTGAGCCACCgcgCCGG	chr22	17333529	-	4	0
3	X	ACAGGAGTGAGCCACCAGCCNGG	ACAGGtGTccGCCACCAGCCCGG	chr22	17361341	-	3	0
3	X	ACAGGAGTGAGCCACCAGCCNGG	ACAGGtGTGAGCCACCgcgCTGG	chr22	17378256	+	4	0
3	X	ACAGGAGTGAGCCACCAGCCNGG	tCAGGAGTtAGaaACCAGCCTGG	chr22	17395551	-	4	0
3	X	ACAGGAGTGAGCCACCAGCCNGG	tCAGGAGTtAGtgACCAGCCTGG	chr22	17460416	-	4	0
3	X	ACAGGAGTGAGCCACCAGCCNGG	ACAGGAGTttGagACCAGCCTGG	chr22	17493178	-	4	0
3	X	ACAGGAGTGAGCCACCAGCCNGG	ACAGGcGTGAGCCAaCAcaCCGG	chr22	17557422	+	4	0
3	X	ACAGGAGTGAGCCACCAGCCNGG	ACAGGcGTGAGCCACCAcgCTGG	chr22	17584500	-	3	0
3	X	ACAGGAGTGAGCCACCAGCCNGG	ACAGGtGTGAGCCACCgcCCCGG	chr22	17617567	+	3	0
3	X	ACAGGAGTGAGCCACCAGCCNGG	cCAGGAGTtAGagACCAGCCTGG	chr22	17645428	-	4	0
3	X	ACAGGAGTGAGCCACCAGCCNGG	ACAGGcGTGAGCCAtCAcgCCGG	chr22	17649370	+	4	0
3	X	ACAGGAGTGAGCCACCAGCCNGG	ACAGGcGcatGCCACCAGCCCGG	chr22	17657961	+	4	0
3	X	ACAGGAGTGAGCCACCAGCCNGG	tCAGGAGTttGaCACCAGCCTGG	chr22	17671920	-	4	0
0	X	CACTTGAGCCTCCAAGTAGCNGG	tACTTcAGCCcCCcAGTAGCTGG	chr22	17687452	+	4	0
3	X	ACAGGAGTGAGCCACCAGCCNGG	ACAGGcGTGAGCCACtAtgCCGG	chr22	17756847	+	4	0
3	X	ACAGGAGTGAGCCACCAGCCNGG	ACAGGtGTGcGCCAtCAGgCTGG	chr22	17849833	+	4	0
3	X	ACAGGAGTGAGCCACCAGCCNGG	ACAGGcaTGAGCCACCAcaCTGG	chr22	17909244	-	4	0
3	X	ACAGGAGTGAGCCACCAGCCNGG	ACAGGtGTGAGCCACCgcgCCGG	chr22	17998825	+	4	0
3	X	ACAGGAGTGAGCCACCAGCCNGG	gCAGGAGTtcGaCACCAGCCTGG	chr22	18020703	+	4	0
3	X	ACAGGAGTGAGCCACCAGCCNGG	ACAGGtGTGAGCCACCgcgCCGG	chr22	18122831	-	4	0
3	X	ACAGGAGTGAGCCACCAGCCNGG	tCAGGAGTtcGaCACCAGCCTGG	chr22	18135717	+	4	0
4	X	ACTGTTTCATTCAGGAACTCNGG	ACTGTTTCATTCAGGAACTCGGG	chr22	18188107	+	0	0
3	X	ACAGGAGTGAGCCACCAGCCNGG	ACAGGcGTGAGCCACCAcaCCGG	chr22	18210908	+	3	0
4	X	ACTGTTTCATTCAGGAACTCNGG	ACTtTTTCATTCAGGAACTCGGG	chr22	18372407	+	1	0
3	X	ACAGGAGTGAGCCACCAGCCNGG	ACAGGcGTGAGCCACCAcaCCGG	chr22	18413709	-	3	0
4	X	ACTGTTTCATTCAGGAACTCNGG	ACTtTTTCATTCAGGAACTCGGG	chr22	18490257	-	1	0
3	X	ACAGGAGTGAGCCACCAGCCNGG	ACAGGcGTGAGCCACCgcgCCGG	chr22	18519976	+	4	0
3	X	ACAGGAGTGAGCCACCAGCCNGG	ACAGGctTGtGCCACCAcCCTGG	chr22	18600389	+	4	0
4	X	ACTGTTTCATTCAGGAACTCNGG	ACTGTTTCATTCAGGAACTCGGG	chr22	18747626	-	0	0
4	X	ACTGTTTCATTCAGGAACTCNGG	ACTGTTTCATTCAGGAACTCGGG	chr22	18875363	+	0	0
3	X	ACAGGAGTGAGCCACCAGCCNGG	ACAGGAGTtcGagACCAGCCTGG	chr22	19091738	+	4	0
3	X	ACAGGAGTGAGCCACCAGCCNGG	tCAGGAGTtAGagACCAGCCTGG	chr22	19164762	+	4	0
3	X	ACAGGAGTGAGCCACCAGCCNGG	ACAGGAGTtcGagACCAGCCTGG	chr22	19205297	+	4	0
3	X	ACAGGAGTGAGCCACCAGCCNGG	ACAGGtGTGAGCCACCAcCCTGG	chr22	19256773	+	2	0
3	X	ACAGGAGTGAGCCACCAGCCNGG	ACAGGtGTGcGCCACCAtaCCGG	chr22	19547635	+	4	0
3	X	ACAGGAGTGAGCCACCAGCCNGG	tCAGGAGTtcGaCACCAGCCTGG	chr22	20007186	+	4	0
3	X	ACAGGAGTGAGCCACCAGCCNGG	ACAGGAGTGAGCCACtgcaCTGG	chr22	20051572	-	4	0
0	X	CACTTGAGCCTCCAAGTAGCNGG	tgCTTaAGCCTCCgAGTAGCTGG	chr22	20185304	+	4	0
3	X	ACAGGAGTGAGCCACCAGCCNGG	ACAGGcGTGAGCCACCgcaCCGG	chr22	20332712	-	4	0
4	X	ACTGTTTCATTCAGGAACTCNGG	ACTtTTTCATTCAGGAACTCGGG	chr22	20352607	-	1	0
3	X	ACAGGAGTGAGCCACCAGCCNGG	tCAGGAGTttGaCACCAGCCTGG	chr22	20417485	-	4	0
3	X	ACAGGAGTGAGCCACCAGCCNGG	ACAGGtGTGAGCCACCgcaCCGG	chr22	20418115	-	4	0
3	X	ACAGGAGTGAGCCACCAGCCNGG	ACAGGcGTGAGCCACCAcgCTGG	chr22	20420911	+	3	0
3	X	ACAGGAGTGAGCCACCAGCCNGG	ACAGcAGTGAGgCAgCAGCCAGG	chr22	20432285	+	3	0
3	X	ACAGGAGTGAGCCACCAGCCNGG	AtAGGtGTGAGCCACCAcaCTGG	chr22	20599834	-	4	0
0	X	CACTTGAGCCTCCAAGTAGCNGG	CACcTcAGaCTCCcAGTAGCTGG	chr22	20614240	-	4	0
0	X	CACTTGAGCCTCCAAGTAGCNGG	CACcTcAGCCTCtAAGTAGCTGG	chr22	20618222	+	3	0
3	X	ACAGGAGTGAGCCACCAGCCNGG	cCAGGAGgGAGgCACCAaCCAGG	chr22	20635319	+	4	0
3	X	ACAGGAGTGAGCCACCAGCCNGG	tCAGGAGTtcGaCACCAGCCTGG	chr22	20828000	-	4	0
3	X	ACAGGAGTGAGCCACCAGCCNGG	ACAGGcGTGtGCCACCAcCCCGG	chr22	20856167	-	3	0
3	X	ACAGGAGTGAGCCACCAGCCNGG	ACAGGcGTGAGCCACCAtaCCGG	chr22	20860644	+	3	0
3	X	ACAGGAGTGAGCCACCAGCCNGG	tCAGGAGTtAGagACCAGCCTGG	chr22	20880285	+	4	0
3	X	ACAGGAGTGAGCCACCAGCCNGG	ACAGGcaTGAGCCACCAcaCAGG	chr22	20902054	-	4	0
0	X	CACTTGAGCCTCCAAGTAGCNGG	CACTTGAGCCTggAAGTtGgAGG	chr22	20905198	+	4	0
3	X	ACAGGAGTGAGCCACCAGCCNGG	cCAGGAGTtAGagACCAGCCTGG	chr22	20913896	-	4	0
3	X	ACAGGAGTGAGCCACCAGCCNGG	ACAGGtGTGAGCCACgctCCTGG	chr22	20960244	+	4	0
3	X	ACAGGAGTGAGCCACCAGCCNGG	ACAGaAGTGgGCggCCAGCCCGG	chr22	20967069	-	4	0
3	X	ACAGGAGTGAGCCACCAGCCNGG	ACAGGcGTGAGCCACCAcaCCGG	chr22	21160661	-	3	0
4	X	ACTGTTTCATTCAGGAACTCNGG	ACTGTTTCATTCAGGAACTCGGG	chr22	21181548	-	0	0
3	X	ACAGGAGTGAGCCACCAGCCNGG	ACAGGtGTaAGCCACCAcaCCGG	chr22	21275421	+	4	0
4	X	ACTGTTTCATTCAGGAACTCNGG	ACTGTTTCATTCAGGAACTCGGG	chr22	21311224	+	0	0
3	X	ACAGGAGTGAGCCACCAGCCNGG	ACAGGcGTGAGCCACCAcaCCGG	chr22	21331937	+	3	0
3	X	ACAGGAGTGAGCCACCAGCCNGG	ACAGGctTGtGCCACCAcCCTGG	chr22	21394921	-	4	0
3	X	ACAGGAGTGAGCCACCAGCCNGG	ACAGGcGTGAGCCACCgcgCCGG	chr22	21459326	+	4	0
3	X	ACAGGAGTGAGCCACCAGCCNGG	ACAGGctTGtGCCACCAcCCTGG	chr22	21539915	+	4	0
3	X	ACAGGAGTGAGCCACCAGCCNGG	ACAGGcGTGtGCCACCAtgCTGG	chr22	21584014	+	4	0
3	X	ACAGGAGTGAGCCACCAGCCNGG	ACAaGcGTGAGCCACCAcgCTGG	chr22	21596137	+	4	0
3	X	ACAGGAGTGAGCCACCAGCCNGG	ACAGGcGTGAGCCACCgtgCCGG	chr22	21668050	+	4	0
0	X	CACTTGAGCCTCCAAGTAGCNGG	CACcTcAGCtTCCAAGTAGCTGG	chr22	21671934	-	3	0
3	X	ACAGGAGTGAGCCACCAGCCNGG	ACAGGcGTGAGCCACCAcgCCGG	chr22	21712447	-	3	0
0	X	CACTTGAGCCTCCAAGTAGCNGG	CgCcTcAGCCTCCAAGTAGCTGG	chr22	21755651	+	3	0
0	X	CACTTGAGCCTCCAAGTAGCNGG	tgCcTcAGCCTCCAAGTAGCTGG	chr22	21794277	+	4	0
3	X	ACAGGAGTGAGCCACCAGCCNGG	tCAGGAGTttGaCACCAGCCTGG	chr22	21813767	+	4	0
3	X	ACAGGAGTGAGCCACCAGCCNGG	tCAGGAGTGcGagACCAGCCTGG	chr22	21875386	-	4	0
3	X	ACAGGAGTGAGCCACCAGCCNGG	ACAGGcGTGAGCCACCgcgCTGG	chr22	21887101	-	4	0
3	X	ACAGGAGTGAGCCACCAGCCNGG	ACAGGtGTGAGCCACCAcgCCGG	chr22	21908690	-	3	0
3	X	ACAGGAGTGAGCCACCAGCCNGG	ACAGGcGTGAGCCACtAtgCCGG	chr22	21953895	+	4	0
3	X	ACAGGAGTGAGCCACCAGCCNGG	ACAGGgGTGAGCCACtgtCCCGG	chr22	21984211	+	4	0
0	X	CACTTGAGCCTCCAAGTAGCNGG	CACcTcAGCCcCCAAGTAGCTGG	chr22	22005320	+	3	0
3	X	ACAGGAGTGAGCCACCAGCCNGG	ACAGGctTGAGCCACCtGCCTGG	chr22	22085466	+	3	0
3	X	ACAGGAGTGAGCCACCAGCCNGG	ACAGGcGTGAGCCACCAtgCCGG	chr22	22087738	+	3	0
2	X	TCTTAAGTGTTCTCTTTCCGNGG	TCTTAAGTGTTCTCTTTCCGGGG	chr22	22454684	+	0	0
3	X	ACAGGAGTGAGCCACCAGCCNGG	tCAGGAGTtcGaCACCAGCCTGG	chr22	23133796	-	4	0
3	X	ACAGGAGTGAGCCACCAGCCNGG	ACAGGtGTGAGCCACCgcgCCGG	chr22	23435879	+	4	0
3	X	ACAGGAGTGAGCCACCAGCCNGG	ACAGGcGTGAGCCACCgGCCTGG	chr22	23446108	+	2	0
4	X	ACTGTTTCATTCAGGAACTCNGG	ACTtTTTCATTCAGGAACTCCGG	chr22	23472862	+	1	0
3	X	ACAGGAGTGAGCCACCAGCCNGG	cCAGGAGTtAGagACCAGCCTGG	chr22	23558213	-	4	0
3	X	ACAGGAGTGAGCCACCAGCCNGG	ACAGGcGTGAGCCACCgcaCAGG	chr22	23563221	+	4	0
3	X	ACAGGAGTGAGCCACCAGCCNGG	tCAGGAGTtAGagACCAGCCTGG	chr22	23565041	+	4	0
3	X	ACAGGAGTGAGCCACCAGCCNGG	ACAGGtGTGAGCCACCtGgCTGG	chr22	23592712	-	3	0
0	X	CACTTGAGCCTCCAAGTAGCNGG	tgCTTcAGCCTCCAAGTAGCTGG	chr22	23642881	+	3	0
3	X	ACAGGAGTGAGCCACCAGCCNGG	cCAGGAGTttGaCACCAGCCTGG	chr22	23648993	-	4	0
3	X	ACAGGAGTGAGCCACCAGCCNGG	cCAGGAGTttGCaACCAGCCTGG	chr22	23720186	+	4	0
3	X	ACAGGAGTGAGCCACCAGCCNGG	ACAGGtaTGAGCCACCAcaCTGG	chr22	23730807	-	4	0
3	X	ACAGGAGTGAGCCACCAGCCNGG	ACAGGtGgGAGCCACCAtgCCGG	chr22	23810247	-	4	0
3	X	ACAGGAGTGAGCCACCAGCCNGG	ACAGGAGTttGagACCAGCCTGG	chr22	24201903	-	4	0
3	X	ACAGGAGTGAGCCACCAGCCNGG	ACAGGtGTGAGCCACCAtgCTGG	chr22	24229124	-	3	0
0	X	CACTTGAGCCTCCAAGTAGCNGG	tgCcTGAGCCTCCcAGTAGCTGG	chr22	24490826	+	4	0
3	X	ACAGGAGTGAGCCACCAGCCNGG	tCAGGAGTtAGagACCAGCCTGG	chr22	24560945	-	4	0
3	X	ACAGGAGTGAGCCACCAGCCNGG	tCAGGAGTaAGagACCAGCCTGG	chr22	24771902	-	4	0
0	X	CACTTGAGCCTCCAAGTAGCNGG	tgCcTcAGCCTCCAAGTAGCTGG	chr22	24885060	+	4	0
3	X	ACAGGAGTGAGCCACCAGCCNGG	ACAGGtGTGtGCCACCAtgCCGG	chr22	24969038	+	4	0
3	X	ACAGGAGTGAGCCACCAGCCNGG	cCAGGAGTtAGaaACCAGCCTGG	chr22	25014611	-	4	0
3	X	ACAGGAGTGAGCCACCAGCCNGG	cCAGGAGTtAGagACCAGCCTGG	chr22	25082620	+	4	0
3	X	ACAGGAGTGAGCCACCAGCCNGG	ACAGGcaTGAGCCACCAtaCCGG	chr22	25164670	-	4	0
3	X	ACAGGAGTGAGCCACCAGCCNGG	ACAGGtGTGAGCCACCAtgCCGG	chr22	25316125	-	3	0
0	X	CACTTGAGCCTCCAAGTAGCNGG	tgCcTcAGCCTCCAAGTAGCTGG	chr22	25316597	-	4	0
3	X	ACAGGAGTGAGCCACCAGCCNGG	tCAGGAGTttGaCACCAGCCTGG	chr22	25452662	-	4	0
3	X	ACAGGAGTGAGCCACCAGCCNGG	tCAGGAGTtAGagACCAGCCTGG	chr22	25469578	-	4	0
3	X	ACAGGAGTGAGCCACCAGCCNGG	ACAGGcGTGAGCCACCctCCCGG	chr22	25670774	-	3	0
3	X	ACAGGAGTGAGCCACCAGCCNGG	ACAGGAGTtcGagACCAGCCTGG	chr22	25677148	+	4	0
3	X	ACAGGAGTGAGCCACCAGCCNGG	ACAGGcGTGAGCCACCAcaCTGG	chr22	25732484	+	3	0
3	X	ACAGGAGTGAGCCACCAGCCNGG	ACAGGcGTGAGCCACCgcaCTGG	chr22	25786934	-	4	0
3	X	ACAGGAGTGAGCCACCAGCCNGG	ACAGGAGTGAGCCACCAGCCTGG	chr22	25809216	+	0	0
3	X	ACAGGAGTGAGCCACCAGCCNGG	ACAGGtGTGAGCCACtgcCCCGG	chr22	26318347	+	4	0
3	X	ACAGGAGTGAGCCACCAGCCNGG	ACAGGcaTGAGCCACCAcCCTGG	chr22	26351820	+	3	0
3	X	ACAGGAGTGAGCCACCAGCCNGG	ACAGGcGTGAGCCACCgcgCCGG	chr22	26370103	-	4	0
0	X	CACTTGAGCCTCCAAGTAGCNGG	tACTTcAGCCTCCAAGTAGCTGG	chr22	26371515	-	2	0
3	X	ACAGGAGTGAGCCACCAGCCNGG	ACAGGtGTGAGCCACCAcaCCGG	chr22	26393130	+	3	0
3	X	ACAGGAGTGAGCCACCAGCCNGG	ACAGGAGTttGagACCAGCCTGG	chr22	26409409	-	4	0
3	X	ACAGGAGTGAGCCACCAGCCNGG	cCAGGAGTtAGagACCAGCCTGG	chr22	26545867	+	4	0
3	X	ACAGGAGTGAGCCACCAGCCNGG	AaAGGAGTttGCgACCAGCCTGG	chr22	26551081	+	4	0
3	X	ACAGGAGTGAGCCACCAGCCNGG	tCAGGAGTtAGagACCAGCCTGG	chr22	26566204	+	4	0
4	X	ACTGTTTCATTCAGGAACTCNGG	ACTtgTTCATTCAaGAACcCAGG	chr22	26980379	-	4	0
3	X	ACAGGAGTGAGCCACCAGCCNGG	cCAGGAGTttGaCACCAGCCTGG	chr22	26993592	+	4	0
0	X	CACTTGAGCCTCCAAGTAGCNGG	CACcTcAGCtTtCAAGTAGCTGG	chr22	27079813	+	4	0
3	X	ACAGGAGTGAGCCACCAGCCNGG	cCAGGAGTtAGagACCAGCCTGG	chr22	27305935	-	4	0
3	X	ACAGGAGTGAGCCACCAGCCNGG	cCAGGAGTtcGaCACCAGCCTGG	chr22	27446808	+	4	0
1	X	TTTCCCAGGGCCACTGTTGCNGG	TTTCCCAGaGCCtCTGTTaaAGG	chr22	28205336	+	4	0
3	X	ACAGGAGTGAGCCACCAGCCNGG	ACAGGAGTtcGagACCAGCCTGG	chr22	28484318	-	4	0
3	X	ACAGGAGTGAGCCACCAGCCNGG	tCAGGAGTttGCgACCAGCCTGG	chr22	28767818	-	4	0
3	X	ACAGGAGTGAGCCACCAGCCNGG	cCAGGAGTttGCaACCAGCCCGG	chr22	28785394	-	4	0
0	X	CACTTGAGCCTCCAAGTAGCNGG	CACcTcAGCCcCCAAGaAGCTGG	chr22	28832298	+	4	0
3	X	ACAGGAGTGAGCCACCAGCCNGG	ACAGGcGTGAGCCACCAcaCCGG	chr22	28890221	-	3	0
3	X	ACAGGAGTGAGCCACCAGCCNGG	ACAGGcaTGAGCCACCAtaCTGG	chr22	29039667	-	4	0
3	X	ACAGGAGTGAGCCACCAGCCNGG	ACAGGAGTtcGagACCAGCCTGG	chr22	29173973	-	4	0
3	X	ACAGGAGTGAGCCACCAGCCNGG	cCAGGAGTttGaCACCAGCCTGG	chr22	29222300	-	4	0
3	X	ACAGGAGTGAGCCACCAGCCNGG	ACAGGcGTGAGCCACCgcgCTGG	chr22	29247904	+	4	0
3	X	ACAGGAGTGAGCCACCAGCCNGG	tCAGGAGTtgGaCACCAGCCTGG	chr22	29281221	-	4	0
3	X	ACAGGAGTGAGCCACCAGCCNGG	cCAGGAGTtAGagACCAGCCCGG	chr22	29293214	-	4	0
0	X	CACTTGAGCCTCCAAGTAGCNGG	CgCcTcAGCCTCCgAGTAGCTGG	chr22	29294488	-	4	0
3	X	ACAGGAGTGAGCCACCAGCCNGG	ACAGGtGTGAGCCACttGCCTGG	chr22	29305642	-	3	0
3	X	ACAGGAGTGAGCCACCAGCCNGG	tCAGGAGTtcGaCACCAGCCTGG	chr22	29362553	-	4	0
3	X	ACAGGAGTGAGCCACCAGCCNGG	tCAGGAGTtcGaCACCAGCCTGG	chr22	29418706	-	4	0
0	X	CACTTGAGCCTCCAAGTAGCNGG	CACcTcAGCCTCCtAGTAGCTGG	chr22	29457679	+	3	0
0	X	CACTTGAGCCTCCAAGTAGCNGG	CACcTcAGCCcCCcAGTAGCTGG	chr22	29492977	-	4	0
3	X	ACAGGAGTGAGCCACCAGCCNGG	tCAGGAGTttGaCACCAGCCTGG	chr22	29594512	-	4	0
3	X	ACAGGAGTGAGCCACCAGCCNGG	ACAGGAGTtcGagACCAGCCTGG	chr22	29613317	+	4	0
3	X	ACAGGAGTGAGCCACCAGCCNGG	tCAGGAGTtAGagACCAGCCTGG	chr22	29753312	+	4	0
3	X	ACAGGAGTGAGCCACCAGCCNGG	cCAGGAGTtAGagACCAGCCTGG	chr22	29762973	+	4	0
0	X	CACTTGAGCCTCCAAGTAGCNGG	CACcTcAGCCTCCtAGTAGCTGG	chr22	29952000	+	3	0
3	X	ACAGGAGTGAGCCACCAGCCNGG	tCAGGAGTtAGagACCAGCCTGG	chr22	29956453	-	4	0
3	X	ACAGGAGTGAGCCACCAGCCNGG	AtAGGAGTGAGCCACCActCCGG	chr22	30068855	+	3	0
3	X	ACAGGAGTGAGCCACCAGCCNGG	ACAGGtGTGAGCCACCAcgCAGG	chr22	30126440	+	3	0
3	X	ACAGGAGTGAGCCACCAGCCNGG	ACAGGcaTGAGCCACCAtgCCGG	chr22	30317128	-	4	0
3	X	ACAGGAGTGAGCCACCAGCCNGG	ACAGGtGTaAGCCACCAcaCTGG	chr22	30349555	+	4	0
3	X	ACAGGAGTGAGCCACCAGCCNGG	ACAGGcGTGAGCCACCgcgCTGG	chr22	30447444	+	4	0
3	X	ACAGGAGTGAGCCACCAGCCNGG	cCAGGAGTtAGaaACCAGCCTGG	chr22	30520786	+	4	0
3	X	ACAGGAGTGAGCCACCAGCCNGG	ACAGGtGTGAGCCACgtGCCTGG	chr22	30680887	+	3	0
3	X	ACAGGAGTGAGCCACCAGCCNGG	ACAGGcaTGAGCCACCAcaCCGG	chr22	30696932	+	4	0
3	X	ACAGGAGTGAGCCACCAGCCNGG	cCAGGAGTtAGagACCAGCCTGG	chr22	30713669	-	4	0
3	X	ACAGGAGTGAGCCACCAGCCNGG	ACAGGtGTGAGCCACCgcgCCGG	chr22	30752563	+	4	0
3	X	ACAGGAGTGAGCCACCAGCCNGG	gCAGGcGTGAGCCACCAcgCCGG	chr22	30829593	+	4	0
3	X	ACAGGAGTGAGCCACCAGCCNGG	ACAGGAGTtcGagACCAGCCTGG	chr22	30844081	-	4	0
3	X	ACAGGAGTGAGCCACCAGCCNGG	ACAGGccTGAGCCACCgGCCTGG	chr22	30999245	+	3	0
3	X	ACAGGAGTGAGCCACCAGCCNGG	ACAGGAGTttGagACCAGCCTGG	chr22	31061163	-	4	0
3	X	ACAGGAGTGAGCCACCAGCCNGG	ACAGGtGTGcGCCACacGCCTGG	chr22	31101639	-	4	0
3	X	ACAGGAGTGAGCCACCAGCCNGG	cCAGGAGTtAGagACCAGCCTGG	chr22	31197789	-	4	0
3	X	ACAGGAGTGAGCCACCAGCCNGG	tCAGGAGTtAGagACCAGCCTGG	chr22	31353418	-	4	0
3	X	ACAGGAGTGAGCCACCAGCCNGG	tCAGGAGTtAGagACCAGCCTGG	chr22	31380603	-	4	0
3	X	ACAGGAGTGAGCCACCAGCCNGG	ACAGGtGTGAGCaACCgGgCCGG	chr22	31472542	+	4	0
3	X	ACAGGAGTGAGCCACCAGCCNGG	ACAGGcaTGAGCCACtgGCCCGG	chr22	31513852	+	4	0
3	X	ACAGGAGTGAGCCACCAGCCNGG	tCAGGAGTtAGCaACCAcCCTGG	chr22	31563199	-	4	0
3	X	ACAGGAGTGAGCCACCAGCCNGG	ACAGGcaTGtGCCACCAGaCCGG	chr22	31594403	-	4	0
3	X	ACAGGAGTGAGCCACCAGCCNGG	ACAGGcGTGAGCCAtgtGCCTGG	chr22	31648398	-	4	0
3	X	ACAGGAGTGAGCCACCAGCCNGG	ACAGGcGTGAGCCACCgcgCCGG	chr22	31665473	+	4	0
0	X	CACTTGAGCCTCCAAGTAGCNGG	CACcTcAGCCTCCtAGTAGCTGG	chr22	31752574	-	3	0
3	X	ACAGGAGTGAGCCACCAGCCNGG	tCAGGAGTttGCgACCAGCCTGG	chr22	31761755	+	4	0
3	X	ACAGGAGTGAGCCACCAGCCNGG	cCAGGAGTtcGaCACCAGCCTGG	chr22	31772988	-	4	0
3	X	ACAGGAGTGAGCCACCAGCCNGG	tCAGGAGTttGaCACCAGCCTGG	chr22	31775386	-	4	0
3	X	ACAGGAGTGAGCCACCAGCCNGG	ACAGGtGTGcGCCACCAtgCTGG	chr22	31800831	-	4	0
3	X	ACAGGAGTGAGCCACCAGCCNGG	ACAGGcGTGAGCgACCAcgCTGG	chr22	31874066	+	4	0
3	X	ACAGGAGTGAGCCACCAGCCNGG	tCAGGAGTttGCgACCAGCCTGG	chr22	32048858	+	4	0
3	X	ACAGGAGTGAGCCACCAGCCNGG	ACAGGtGTGAGCCACtgGtCTGG	chr22	32128890	+	4	0
3	X	ACAGGAGTGAGCCACCAGCCNGG	tCAGGAGTtcGaCACCAGCCTGG	chr22	32134556	+	4	0
1	X	TTTCCCAGGGCCACTGTTGCNGG	TcTCCCAtGGCCAggGTTGCAGG	chr22	32212940	+	4	0
3	X	ACAGGAGTGAGCCACCAGCCNGG	tCAGGAGTttGaCACCAGCCTGG	chr22	32260860	+	4	0
3	X	ACAGGAGTGAGCCACCAGCCNGG	ACAGGcGTGtGttACCAGCCTGG	chr22	32349113	+	4	0
3	X	ACAGGAGTGAGCCACCAGCCNGG	ACAGGcGTGAGCCACCtcgCCGG	chr22	32351424	-	4	0
3	X	ACAGGAGTGAGCCACCAGCCNGG	cCAGGAGTtAGagACCAGCCTGG	chr22	32432152	-	4	0
0	X	CACTTGAGCCTCCAAGTAGCNGG	tgCcTcAGCCTCCAAGTAGCTGG	chr22	32643961	-	4	0
3	X	ACAGGAGTGAGCCACCAGCCNGG	ACAGGAGaGAGgtACCAGgCAGG	chr22	32800796	-	4	0
3	X	ACAGGAGTGAGCCACCAGCCNGG	tCAGGAGTGcGagACCAGCCTGG	chr22	32832939	-	4	0
3	X	ACAGGAGTGAGCCACCAGCCNGG	ACAGGcGTGAGCCACCgtgCTGG	chr22	33028761	-	4	0
0	X	CACTTGAGCCTCCAAGTAGCNGG	CACcTcAGCtcCCAAGTAGCTGG	chr22	33084537	-	4	0
3	X	ACAGGAGTGAGCCACCAGCCNGG	ACAGGcaTGAGCCACCAtgCTGG	chr22	33218203	+	4	0
3	X	ACAGGAGTGAGCCACCAGCCNGG	ACAGGcGaGAGCCAtCAaCCCGG	chr22	33826614	+	4	0
3	X	ACAGGAGTGAGCCACCAGCCNGG	tCAGGAGTttGCgACCAGCCTGG	chr22	33878337	-	4	0
4	X	ACTGTTTCATTCAGGAACTCNGG	ACTGaTgCcTTCAGGAAaTCTGG	chr22	33907958	-	4	0
3	X	ACAGGAGTGAGCCACCAGCCNGG	tCAGGAGTtcGCgACCAGCCTGG	chr22	33959271	-	4	0
3	X	ACAGGAGTGAGCCACCAGCCNGG	ACAGGAGTttGaCgCCAGCCTGG	chr22	34073729	-	4	0
3	X	ACAGGAGTGAGCCACCAGCCNGG	ACAGGtGTGAGCCACCgtgCTGG	chr22	34347710	+	4	0
3	X	ACAGGAGTGAGCCACCAGCCNGG	tCAGGAGTtAGagACCAGCCTGG	chr22	34411643	+	4	0
3	X	ACAGGAGTGAGCCACCAGCCNGG	ACAGGtGTctGCtACCAGCCAGG	chr22	34912949	-	4	0
3	X	ACAGGAGTGAGCCACCAGCCNGG	tCAGGAGTtAGagACCAGCCTGG	chr22	35252002	+	4	0
3	X	ACAGGAGTGAGCCACCAGCCNGG	cCAGGAGTttGCaACCAGCCAGG	chr22	35331671	+	4	0
3	X	ACAGGAGTGAGCCACCAGCCNGG	tCAGGAGTGcGagACCAGCCTGG	chr22	35418447	+	4	0
3	X	ACAGGAGTGAGCCACCAGCCNGG	ACAGacGTGAGCCACCttCCCGG	chr22	35526217	+	4	0
3	X	ACAGGAGTGAGCCACCAGCCNGG	tCAGGAGTtAGagACCAGCCTGG	chr22	35706300	-	4	0
3	X	ACAGGAGTGAGCCACCAGCCNGG	ACAGGtGTGcaCtACCAGCCTGG	chr22	35718473	-	4	0
0	X	CACTTGAGCCTCCAAGTAGCNGG	tgCcTcAGCCTCCAAGTAGCTGG	chr22	35793256	-	4	0
3	X	ACAGGAGTGAGCCACCAGCCNGG	ACAGGcaTGAGCCACCAtgCAGG	chr22	35814429	-	4	0
3	X	ACAGGAGTGAGCCACCAGCCNGG	tCAGGAGTGtGagACCAGCCTGG	chr22	35859769	-	4	0
3	X	ACAGGAGTGAGCCACCAGCCNGG	ACAGGcaTGAGCCACCAcaCTGG	chr22	35929256	+	4	0
3	X	ACAGGAGTGAGCCACCAGCCNGG	ACAGGcaTGAGCCACgtGCCCGG	chr22	36017250	-	4	0
3	X	ACAGGAGTGAGCCACCAGCCNGG	tCAGGAGTtAGagACCAGCCTGG	chr22	36077874	+	4	0
3	X	ACAGGAGTGAGCCACCAGCCNGG	AtAGGtGTGAGCCACCAtCCGGG	chr22	36101808	+	3	0
3	X	ACAGGAGTGAGCCACCAGCCNGG	ACAGGcaTGAGCCACgcGCCCGG	chr22	36389250	-	4	0
3	X	ACAGGAGTGAGCCACCAGCCNGG	tCAGGAGTtAGagACCAGCCTGG	chr22	36460047	+	4	0
3	X	ACAGGAGTGAGCCACCAGCCNGG	ACAGGtGTGAGCCACCttgCCGG	chr22	36460852	-	4	0
0	X	CACTTGAGCCTCCAAGTAGCNGG	CACcTcAGCCTCCgAGTAGgTGG	chr22	36532633	+	4	0
3	X	ACAGGAGTGAGCCACCAGCCNGG	tCAGGAGTGgGggACCAGCCTGG	chr22	36589196	-	4	0
3	X	ACAGGAGTGAGCCACCAGCCNGG	ACAGGcaTGAGCCACCAtgCTGG	chr22	36956098	-	4	0
3	X	ACAGGAGTGAGCCACCAGCCNGG	AaAaGAGTGtGgCACCAGCCAGG	chr22	36957524	-	4	0
0	X	CACTTGAGCCTCCAAGTAGCNGG	tgCcTcAGCCTCCAAGTAGCTGG	chr22	36987445	+	4	0
1	X	TTTCCCAGGGCCACTGTTGCNGG	TTTCCCAaGGCtACTGcTGtGGG	chr22	37015075	-	4	0
3	X	ACAGGAGTGAGCCACCAGCCNGG	ACAGGcGTGAGCCACCgtgCTGG	chr22	37031790	-	4	0
3	X	ACAGGAGTGAGCCACCAGCCNGG	ACgGGcGTGAGCCACgcGCCTGG	chr22	37100240	+	4	0
3	X	ACAGGAGTGAGCCACCAGCCNGG	ACAGGcaTGcaCCACCAGCCCGG	chr22	37131875	+	4	0
3	X	ACAGGAGTGAGCCACCAGCCNGG	ACAGGcaTGAGCCACacGCCTGG	chr22	37144465	-	4	0
3	X	ACAGGAGTGAGCCACCAGCCNGG	ACAGGcGTGAGCCACCgcaCTGG	chr22	37288135	-	4	0
3	X	ACAGGAGTGAGCCACCAGCCNGG	ACAGGcaTGAGCCcCgAGCCTGG	chr22	37298089	-	4	0
3	X	ACAGGAGTGAGCCACCAGCCNGG	AtAGGcGTGAGCCACCAcgCTGG	chr22	37382516	+	4	0
3	X	ACAGGAGTGAGCCACCAGCCNGG	tCAGGAGTttGaCACCAGCCTGG	chr22	37513886	+	4	0
1	X	TTTCCCAGGGCCACTGTTGCNGG	TgTCCCAGaGCCACcaTTGCTGG	chr22	37515876	-	4	0
3	X	ACAGGAGTGAGCCACCAGCCNGG	tCAGGAGTtAGagACCAGCCTGG	chr22	37548836	-	4	0
3	X	ACAGGAGTGAGCCACCAGCCNGG	tCAGGAGTtAGagACCAGCCTGG	chr22	37555732	+	4	0
3	X	ACAGGAGTGAGCCACCAGCCNGG	ACAGGcGTGAGCaACCAcgCCGG	chr22	37558648	+	4	0
3	X	ACAGGAGTGAGCCACCAGCCNGG	tCAGGAGTtAGCaACCAGCCTGG	chr22	37572419	+	3	0
3	X	ACAGGAGTGAGCCACCAGCCNGG	ACAGGcGTGAGCCACCAGCCCGG	chr22	37617842	-	1	0
3	X	ACAGGAGTGAGCCACCAGCCNGG	ACAGGgGTGAGCtACCAcgCTGG	chr22	37630841	+	4	0
3	X	ACAGGAGTGAGCCACCAGCCNGG	ACAGGcGTGAGCCACCgtgCCGG	chr22	37652046	-	4	0
3	X	ACAGGAGTGAGCCACCAGCCNGG	ACAGGAGTtcGagACCAGCCTGG	chr22	37672155	-	4	0
3	X	ACAGGAGTGAGCCACCAGCCNGG	ACAGGcGTGAGCCACCgtgCTGG	chr22	37685754	-	4	0
0	X	CACTTGAGCCTCCAAGTAGCNGG	CACcTcAGCtTCCAAGTAGCCGG	chr22	37749837	-	3	0
3	X	ACAGGAGTGAGCCACCAGCCNGG	ACAGGcGTGAaCCACCAcaCTGG	chr22	37757082	-	4	0
3	X	ACAGGAGTGAGCCACCAGCCNGG	ACAGGcGTGAGCCACCgtgCCGG	chr22	37795637	+	4	0
3	X	ACAGGAGTGAGCCACCAGCCNGG	tCAGGAGTttGCgACCAGCCTGG	chr22	37801424	-	4	0
3	X	ACAGGAGTGAGCCACCAGCCNGG	ACAGGcaTGAGCCACtgGCCCGG	chr22	37843143	-	4	0
0	X	CACTTGAGCCTCCAAGTAGCNGG	tgCcTGAGCCcCCAAGTAGCTGG	chr22	37928018	+	4	0
3	X	ACAGGAGTGAGCCACCAGCCNGG	ACAGGcaTGAGCCACgtGCCCGG	chr22	37951327	+	4	0
0	X	CACTTGAGCCTCCAAGTAGCNGG	CACTTGAGCCTCCAAGTAGCTGG	chr22	38061630	+	0	0
3	X	ACAGGAGTGAGCCACCAGCCNGG	ACAGGAGTtcGagACCAGCCTGG	chr22	38131902	+	4	0
3	X	ACAGGAGTGAGCCACCAGCCNGG	ACAGGcaTGAGCCACCgGgCCGG	chr22	38322844	+	4	0
3	X	ACAGGAGTGAGCCACCAGCCNGG	cCAGGAGTGtGaCACCAGCCTGG	chr22	38349560	-	3	0
3	X	ACAGGAGTGAGCCACCAGCCNGG	ACAGGcGTGAGCCACCgcaCCGG	chr22	38508161	+	4	0
3	X	ACAGGAGTGAGCCACCAGCCNGG	ACAGGAGTtcGagACCAGCCTGG	chr22	38512181	-	4	0
3	X	ACAGGAGTGAGCCACCAGCCNGG	ACAGGtGTGtGCCACCAcaCCGG	chr22	38558570	-	4	0
3	X	ACAGGAGTGAGCCACCAGCCNGG	ACAGGcGTGAGCCACCgcgCCGG	chr22	38620524	-	4	0
3	X	ACAGGAGTGAGCCACCAGCCNGG	ACAGGcGTGAGCCACCgGCCCGG	chr22	38911844	-	2	0
3	X	ACAGGAGTGAGCCACCAGCCNGG	ACAGGcGTGAGCCACtgGCCCGG	chr22	39053269	+	3	0
3	X	ACAGGAGTGAGCCACCAGCCNGG	tCAGGAGTtcGaCACCAGCCTGG	chr22	39082411	+	4	0
3	X	ACAGGAGTGAGCCACCAGCCNGG	tCAGGAGTtAGagACCAGCCTGG	chr22	39181298	-	4	0
3	X	ACAGGAGTGAGCCACCAGCCNGG	ACAGGcaTGAGCCACCAcaCTGG	chr22	39289157	+	4	0
3	X	ACAGGAGTGAGCCACCAGCCNGG	tCAGGAGTtcGaCACCAGCCTGG	chr22	39323325	+	4	0
0	X	CACTTGAGCCTCCAAGTAGCNGG	CACTgGgaCCTCCAAGTAcCAGG	chr22	39414424	-	4	0
3	X	ACAGGAGTGAGCCACCAGCCNGG	ACAGGcGTGAGCCAtgcGCCTGG	chr22	39441765	-	4	0
3	X	ACAGGAGTGAGCCACCAGCCNGG	ACAGGcGTGAGCCACCgcaCCGG	chr22	39504915	-	4	0
0	X	CACTTGAGCCTCCAAGTAGCNGG	CACcTcAGCCTCtgAGTAGCTGG	chr22	39555303	-	4	0
3	X	ACAGGAGTGAGCCACCAGCCNGG	ACAGGtGTGAGtCACgtGCCTGG	chr22	39569822	+	4	0
3	X	ACAGGAGTGAGCCACCAGCCNGG	ACAGGcaTGAGCCACCAtgCTGG	chr22	39614121	+	4	0
3	X	ACAGGAGTGAGCCACCAGCCNGG	ACAGGtGTGAGCCACCgagCCGG	chr22	39640109	-	4	0
0	X	CACTTGAGCCTCCAAGTAGCNGG	CACcTcAGCCTCCcAGTAGCTGG	chr22	39767372	-	3	0
3	X	ACAGGAGTGAGCCACCAGCCNGG	ACAGGcaTGAGCCACCAcgCCGG	chr22	40026241	-	4	0
3	X	ACAGGAGTGAGCCACCAGCCNGG	tCAGGAGTtAGagACCAGCCTGG	chr22	40200494	-	4	0
3	X	ACAGGAGTGAGCCACCAGCCNGG	cCAGGAGTtAGagACCAGCCTGG	chr22	40211286	-	4	0
0	X	CACTTGAGCCTCCAAGTAGCNGG	CtCcTcAGCCTCCAAGTAGCTGG	chr22	40287120	+	3	0
3	X	ACAGGAGTGAGCCACCAGCCNGG	tCAGGAGTttGCgACCAGCCTGG	chr22	40393324	-	4	0
3	X	ACAGGAGTGAGCCACCAGCCNGG	gCAGGAaTGAGCCAtCtGCCTGG	chr22	40486002	+	4	0
3	X	ACAGGAGTGAGCCACCAGCCNGG	ACAGGcGTGAGCCACCAttCCGG	chr22	40667947	+	3	0
3	X	ACAGGAGTGAGCCACCAGCCNGG	tCAGGAGTtAGagACCAGCCTGG	chr22	40737486	-	4	0
3	X	ACAGGAGTGAGCCACCAGCCNGG	ACAGGcGTGAGCCACCgcgCCGG	chr22	40739216	-	4	0
3	X	ACAGGAGTGAGCCACCAGCCNGG	ACAGGcGTGAGCCcCgtGCCCGG	chr22	40741595	-	4	0
3	X	ACAGGAGTGAGCCACCAGCCNGG	ACAGGcGTGAGCCACCAtgCCGG	chr22	40764248	+	3	0
3	X	ACAGGAGTGAGCCACCAGCCNGG	ACAGGcaTGAGCCACCAcaCTGG	chr22	40780890	-	4	0
3	X	ACAGGAGTGAGCCACCAGCCNGG	tCAGGAGTtAGagACCAGCCTGG	chr22	40782007	+	4	0
3	X	ACAGGAGTGAGCCACCAGCCNGG	ACAGGcGTGAGCCACCAcgCCGG	chr22	40901508	+	3	0
3	X	ACAGGAGTGAGCCACCAGCCNGG	ACAGGcGTGAGCCACCgtgCCGG	chr22	40907142	-	4	0
3	X	ACAGGAGTGAGCCACCAGCCNGG	tCAGGAGTtAGagACCAGCCTGG	chr22	40949102	-	4	0
0	X	CACTTGAGCCTCCAAGTAGCNGG	tACcTcAGCCTCtAAGTAGCTGG	chr22	40957775	+	4	0
3	X	ACAGGAGTGAGCCACCAGCCNGG	tCAGGAGTtAGagACCAGCCTGG	chr22	41001197	-	4	0
3	X	ACAGGAGTGAGCCACCAGCCNGG	ACAGGtGTGAGCCACCgctCCGG	chr22	41086866	+	4	0
3	X	ACAGGAGTGAGCCACCAGCCNGG	ACAGttGTGAGCCACCtaCCAGG	chr22	41106866	+	4	0
3	X	ACAGGAGTGAGCCACCAGCCNGG	ACAGGcGTGAGCCACCcttCTGG	chr22	41110677	+	4	0
3	X	ACAGGAGTGAGCCACCAGCCNGG	tCAGGAGTtAGagACCAGCCTGG	chr22	41186113	+	4	0
3	X	ACAGGAGTGAGCCACCAGCCNGG	tCAGGAGTtAGagACCAGCCTGG	chr22	41193635	+	4	0
3	X	ACAGGAGTGAGCCACCAGCCNGG	tCAGGAGTtcGaCACCAGCCTGG	chr22	41273553	+	4	0
3	X	ACAGGAGTGAGCCACCAGCCNGG	ACAGGAGTtAGaaACCAGCCTGG	chr22	41284659	+	3	0
0	X	CACTTGAGCCTCCAAGTAGCNGG	tgCcTcAGCCTCCAAGTAGCTGG	chr22	41389502	-	4	0
0	X	CACTTGAGCCTCCAAGTAGCNGG	CACcTcAGCCcCCAAGTAGCTGG	chr22	41421537	+	3	0
0	X	CACTTGAGCCTCCAAGTAGCNGG	CACTTcAGCCTCCAAGTAGCTGG	chr22	41440519	+	1	0
3	X	ACAGGAGTGAGCCACCAGCCNGG	ACAGGAGTtcGagACCAGCCTGG	chr22	41487090	-	4	0
3	X	ACAGGAGTGAGCCACCAGCCNGG	ACAGGcaTGAGCCACacGCCTGG	chr22	41546909	-	4	0
3	X	ACAGGAGTGAGCCACCAGCCNGG	ACAGGcGTGAGCCACCgcgCCGG	chr22	41594826	-	4	0
3	X	ACAGGAGTGAGCCACCAGCCNGG	ACAGGtGTGAGCCACCgcgCCGG	chr22	41666241	+	4	0
3	X	ACAGGAGTGAGCCACCAGCCNGG	ACAGGAGTtcGagACCAGCCTGG	chr22	41689149	+	4	0
3	X	ACAGGAGTGAGCCACCAGCCNGG	ACAGGcGTGAGCCACCAcgCTGG	chr22	41716649	+	3	0
0	X	CACTTGAGCCTCCAAGTAGCNGG	CACcTcAGCCTtCAAGcAGCCGG	chr22	41733332	-	4	0
3	X	ACAGGAGTGAGCCACCAGCCNGG	ACAGGtGTGAGCCACCAcgaTGG	chr22	41793302	+	4	0
3	X	ACAGGAGTGAGCCACCAGCCNGG	ACAGGcGTGAGCCACgcGtCTGG	chr22	41797332	-	4	0
3	X	ACAGGAGTGAGCCACCAGCCNGG	ACAGGcGTGAGCCACCAcggTGG	chr22	41803852	-	4	0
3	X	ACAGGAGTGAGCCACCAGCCNGG	ACAGGcGTGAGCCACCAtgCTGG	chr22	41805151	-	3	0
3	X	ACAGGAGTGAGCCACCAGCCNGG	ACAGGAGTaAGCCACCtGCtTGG	chr22	41812142	-	3	0
0	X	CACTTGAGCCTCCAAGTAGCNGG	tgCcTcAGCCTCCAAGTAGCTGG	chr22	42093387	+	4	0
3	X	ACAGGAGTGAGCCACCAGCCNGG	tCAGGAGTtAGagACCAGCCTGG	chr22	42247227	+	4	0
3	X	ACAGGAGTGAGCCACCAGCCNGG	cCAGGAGTtAGagACCAGCCTGG	chr22	42485927	+	4	0
3	X	ACAGGAGTGAGCCACCAGCCNGG	ACAGGcaTGAGCtAtCAGCCCGG	chr22	42492762	-	4	0
0	X	CACTTGAGCCTCCAAGTAGCNGG	CACcTcAGCCTCCgAGTAGCTGG	chr22	42495365	-	3	0
3	X	ACAGGAGTGAGCCACCAGCCNGG	ACAGGAGTGAGCCACCAcaCCGG	chr22	42527748	+	2	0
3	X	ACAGGAGTGAGCCACCAGCCNGG	ACAGGcGTGAGCCACCAtgCTGG	chr22	42583006	+	3	0
3	X	ACAGGAGTGAGCCACCAGCCNGG	ACAGGcGTGAGCCACCgGCCCGG	chr22	42613480	-	2	0
3	X	ACAGGAGTGAGCCACCAGCCNGG	tCAGGAGTtAGagACCAGCCTGG	chr22	42630006	-	4	0
3	X	ACAGGAGTGAGCCACCAGCCNGG	ACAGGAGTtcGagACCAGCCTGG	chr22	42657325	-	4	0
3	X	ACAGGAGTGAGCCACCAGCCNGG	ACAGGcaTGtGCCACCAcCCCGG	chr22	42676838	-	4	0
3	X	ACAGGAGTGAGCCACCAGCCNGG	ACAGGAGTttGagACCAGCCTGG	chr22	42707443	+	4	0
3	X	ACAGGAGTGAGCCACCAGCCNGG	ACAGGAGTttGagACCAGCCTGG	chr22	42709577	+	4	0
3	X	ACAGGAGTGAGCCACCAGCCNGG	tCAGGAGTtgGgCACCAGCCTGG	chr22	42745003	+	4	0
1	X	TTTCCCAGGGCCACTGTTGCNGG	TTTCCaAGGGaCACTtTTcCTGG	chr22	42787276	-	4	0
3	X	ACAGGAGTGAGCCACCAGCCNGG	tCAGGAGTttGaCACCAGCCTGG	chr22	42852265	-	4	0
3	X	ACAGGAGTGAGCCACCAGCCNGG	ACAGGcaTGAGCCACCAtgCTGG	chr22	42855730	-	4	0
3	X	ACAGGAGTGAGCCACCAGCCNGG	ACAGacGTGAGCCACCgcCCCGG	chr22	42925200	-	4	0
3	X	ACAGGAGTGAGCCACCAGCCNGG	gCAGGcGTGAGCCACCAtgCCGG	chr22	43071683	+	4	0
3	X	ACAGGAGTGAGCCACCAGCCNGG	tCAGGAGTttGaCACCAGCCTGG	chr22	43103645	-	4	0
3	X	ACAGGAGTGAGCCACCAGCCNGG	ACAGGtGTGAGCCACCgtgCTGG	chr22	43359240	-	4	0
3	X	ACAGGAGTGAGCCACCAGCCNGG	tCAGGAGTtcGaCACCAGCCTGG	chr22	43489725	-	4	0
3	X	ACAGGAGTGAGCCACCAGCCNGG	ACAGGcGTGAGCCACCcagCTGG	chr22	43802250	-	4	0
3	X	ACAGGAGTGAGCCACCAGCCNGG	tCAGGAGTttGCCACCAGCCTGG	chr22	43883597	+	3	0
3	X	ACAGGAGTGAGCCACCAGCCNGG	cCAGGAGTGtGagACCAGCCTGG	chr22	43933580	-	4	0
3	X	ACAGGAGTGAGCCACCAGCCNGG	tCAGGAGTtcGaCACCAGCCTGG	chr22	44036045	+	4	0
3	X	ACAGGAGTGAGCCACCAGCCNGG	tCAGGAGTtcGCaACCAGCCAGG	chr22	44108080	-	4	0
3	X	ACAGGAGTGAGCCACCAGCCNGG	AgAGGAGccAGCCAgCAGCCAGG	chr22	44338493	+	4	0
3	X	ACAGGAGTGAGCCACCAGCCNGG	AgAGGtGTGAGCCACCAtgCTGG	chr22	44431573	-	4	0
3	X	ACAGGAGTGAGCCACCAGCCNGG	tCAGGAGTtAGagACCAGCCTGG	chr22	44467833	-	4	0
3	X	ACAGGAGTGAGCCACCAGCCNGG	cCAGGAGTtAGagACCAGCCTGG	chr22	44654158	+	4	0
3	X	ACAGGAGTGAGCCACCAGCCNGG	tCAGGAGTttGCaACCAGCCTGG	chr22	44660081	-	4	0
3	X	ACAGGAGTGAGCCACCAGCCNGG	ACAGacGTGAGCCACCAtgCCGG	chr22	44685975	-	4	0
0	X	CACTTGAGCCTCCAAGTAGCNGG	CACTTGAGCCcaCAAGgtGCAGG	chr22	44719160	-	4	0
3	X	ACAGGAGTGAGCCACCAGCCNGG	cCAGGAGTtAGagACCAGCCTGG	chr22	44768513	-	4	0
3	X	ACAGGAGTGAGCCACCAGCCNGG	AtAGGtGTGAGCCACCAtgCTGG	chr22	44788668	+	4	0
3	X	ACAGGAGTGAGCCACCAGCCNGG	ACAGGcGTGAGCCACCgcaCCGG	chr22	45065537	+	4	0
3	X	ACAGGAGTGAGCCACCAGCCNGG	tCAGGAGTttGCgACCAGCCTGG	chr22	45079015	+	4	0
3	X	ACAGGAGTGAGCCACCAGCCNGG	ACAGGAGTttGagACCAGCCTGG	chr22	45107989	+	4	0
3	X	ACAGGAGTGAGCCACCAGCCNGG	tCAGGAGTtAGaaACCAGCCTGG	chr22	45412086	-	4	0
3	X	ACAGGAGTGAGCCACCAGCCNGG	ACAGGcaTGAGCCACCAcaCCGG	chr22	45456906	+	4	0
3	X	ACAGGAGTGAGCCACCAGCCNGG	ACAGGcaTGAGCCACCAcaCCGG	chr22	45475018	+	4	0
3	X	ACAGGAGTGAGCCACCAGCCNGG	tCAGGAGTttGaCACCAGCCTGG	chr22	45494407	-	4	0
3	X	ACAGGAGTGAGCCACCAGCCNGG	ACAGGtGTGAGCCACCgtgCCGG	chr22	45506042	+	4	0
3	X	ACAGGAGTGAGCCACCAGCCNGG	ACAGGtGTcAGCCACCAcaCTGG	chr22	45615125	+	4	0
3	X	ACAGGAGTGAGCCACCAGCCNGG	tCAGGAGTtAGaaACCAGCCTGG	chr22	45630208	+	4	0
3	X	ACAGGAGTGAGCCACCAGCCNGG	ACAGGcGTGAGCCACCcGCCCGG	chr22	46325469	+	2	0
3	X	ACAGGAGTGAGCCACCAGCCNGG	tCAGGAGTGAGagACCAGCCTGG	chr22	46334934	+	3	0
3	X	ACAGGAGTGAGCCACCAGCCNGG	ACAGGcaTGAGCCACCAcCCCGG	chr22	46408608	+	3	0
3	X	ACAGGAGTGAGCCACCAGCCNGG	tCAGGAGTttGCgACCAGCCTGG	chr22	46418268	+	4	0
3	X	ACAGGAGTGAGCCACCAGCCNGG	tCAGGAGTtAGagACCAGCCTGG	chr22	46435488	-	4	0
3	X	ACAGGAGTGAGCCACCAGCCNGG	cCAGGAGTGtGagACCAGCCTGG	chr22	46471602	-	4	0
3	X	ACAGGAGTGAGCCACCAGCCNGG	tCAGGAGTttGCgACCAGCCTGG	chr22	46546582	-	4	0
3	X	ACAGGAGTGAGCCACCAGCCNGG	ACAGGcGTGcaCCACCAcCCTGG	chr22	46593862	+	4	0
1	X	TTTCCCAGGGCCACTGTTGCNGG	TTTCCCAGGGCCACTGTTGCAGG	chr22	47072577	+	0	0
3	X	ACAGGAGTGAGCCACCAGCCNGG	cCAGGAGTtAGagACCAGCCTGG	chr22	47311785	-	4	0
3	X	ACAGGAGTGAGCCACCAGCCNGG	ACAGGcGTGAGCCACCgtgCCGG	chr22	47379587	-	4	0
3	X	ACAGGAGTGAGCCACCAGCCNGG	ACAGGcGTGAGCCACCAcaCCGG	chr22	47404859	-	3	0
3	X	ACAGGAGTGAGCCACCAGCCNGG	ACAGGccTGAGCCACCgGgCCGG	chr22	47527647	+	4	0
3	X	ACAGGAGTGAGCCACCAGCCNGG	ACAGGtGTGtGCCACCtGCCCGG	chr22	47742465	-	3	0
3	X	ACAGGAGTGAGCCACCAGCCNGG	ACAGGcaTGAGCCACCAcaCCGG	chr22	47820757	+	4	0
3	X	ACAGGAGTGAGCCACCAGCCNGG	ACAGGcaTGAGCCACCcaCCCGG	chr22	48051170	-	4	0
3	X	ACAGGAGTGAGCCACCAGCCNGG	tCAGGAGTttGaCACCAGCCTGG	chr22	48053505	-	4	0
0	X	CACTTGAGCCTCCAAGTAGCNGG	CACTgGAGCCTCCAAGcctCAGG	chr22	48278371	+	4	0
3	X	ACAGGAGTGAGCCACCAGCCNGG	ACAGGcGTGAGCCACCAGCtCGG	chr22	48298321	-	2	0
3	X	ACAGGAGTGAGCCACCAGCCNGG	ACAGGcGTGAGCCACCgtgCCGG	chr22	48712330	+	4	0
3	X	ACAGGAGTGAGCCACCAGCCNGG	ACgGGcaTGAGCCACCAcCCCGG	chr22	48810846	-	4	0
0	X	CACTTGAGCCTCCAAGTAGCNGG	tgCcTcAGCCTCCAAGTAGCTGG	chr22	49020770	-	4	0
3	X	ACAGGAGTGAGCCACCAGCCNGG	ACAGGcGTGAGCCACCgtgCTGG	chr22	49051183	-	4	0
3	X	ACAGGAGTGAGCCACCAGCCNGG	tCAGGAGTtAGagACCAGCCTGG	chr22	49493704	-	4	0
3	X	ACAGGAGTGAGCCACCAGCCNGG	ACAtGtGTGAGCCtCCAcCCTGG	chr22	49629850	+	4	0
3	X	ACAGGAGTGAGCCACCAGCCNGG	ACAGGtGTGAGCCcCaAGCCTGG	chr22	49674939	-	3	0
3	X	ACAGGAGTGAGCCACCAGCCNGG	ACAGGtGTGAGCCACgcGCCCGG	chr22	49714776	-	3	0
0	X	CACTTGAGCCTCCAAGTAGCNGG	tACcTtAGCCTCCcAGTAGCTGG	chr22	49753211	+	4	0
3	X	ACAGGAGTGAGCCACCAGCCNGG	ACAGGtGTGAGCCACCAtgtTGG	chr22	49846764	+	4	0
3	X	ACAGGAGTGAGCCACCAGCCNGG	tCAGGAGTtcGaCACCAGCCTGG	chr22	49868367	+	4	0
3	X	ACAGGAGTGAGCCACCAGCCNGG	ACAGGcGTGcGCCACCAcgCTGG	chr22	50088462	-	4	0
0	X	CACTTGAGCCTCCAAGTAGCNGG	acCTTGAcCCcCCAAGTAGCTGG	chr22	50167518	-	4	0
0	X	CACTTGAGCCTCCAAGTAGCNGG	CACcTtAGCCTCCAtGTAGCTGG	chr22	50232440	-	3	0
3	X	ACAGGAGTGAGCCACCAGCCNGG	ACAGGcGTGAGCCACCgcgCCGG	chr22	50259603	-	4	0
0	X	CACTTGAGCCTCCAAGTAGCNGG	tgCcTcAGCCTCCAAGTAGCTGG	chr22	50386253	+	4	0
3	X	ACAGGAGTGAGCCACCAGCCNGG	ACAGGcGTGcGCCACCAtgCTGG	chr22	50449054	-	4	0
3	X	ACAGGAGTGAGCCACCAGCCNGG	cCAGGAGTtcGaCACCAGCCTGG	chr22	50494464	-	4	0
0	X	CACTTGAGCCTCCAAGTAGCNGG	CACcTcAGCtTCCcAGTAGCTGG	chr22	50527886	+	4	0
3	X	ACAGGAGTGAGCCACCAGCCNGG	ACAGGAGTtcGagACCAGCCTGG	chr22	50564351	-	4	0
3	X	ACAGGAGTGAGCCACCAGCCNGG	ACAGGAGTtcGagACCAGCCTGG	chr22	50582036	-	4	0
3	X	ACAGGAGTGAGCCACCAGCCNGG	ACAGGAGTttGagACCAGCCTGG	chr22	50654739	-	4	0
